GeneralCategory,ControlledVariable,ControlledDescription,Units,Attribute1,Attribute1Notes,Attribute2,Attribute2Notes,Attribute3,Attribute3Notes,Attribute4,Attribute4Notes,Attribute5,Attribute5Notes,Attribute6,Attribute6Notes,Attribute7,Attribute7Notes
Carbon,13C,13C in soil,per mille,,,"Select|Sample handling|[""Field moist soil"",""Dried sample; ground"", ""Dried sample; non-ground"",""Frozen sample"",""N/A""]",,"Select|C fraction|[""Whole soil"",""Organic fraction"",""Inorganic fraction""]",,,,,,,,"Input|Method reference, if known",
Carbon,13C_dissolved,13C natural abundance of dissolved C,per mille,,,"Select|Sample handling|[""Field moist soil"",""Dried sample; ground"", ""Dried sample; non-ground"",""Frozen sample"",""N/A""]",,"Select|Sample type|[""Soil water extract"",""Surface water"",""Pore water"",""Groundwater"",""Leachate""]",,"Select|Choose one|[""Natural abundance"",""Enriched with tracer""]",,,,,,"Input|Method reference, if known",
Carbon,14C,Radioactive 14C isotope activity,per mille,,,"Select|Sample handling|[""Field moist soil"",""Dried sample; ground"", ""Dried sample; non-ground"",""Frozen sample"",""N/A""]",,"Select|C fraction|[""Whole soil"",""Organic fraction""]",,,,,,,,"Input|Method reference, if known",
Carbon,Dissolved_C,Dissolved carbon in naturally-occuring soil water,mg C/L,"Select|Sample representation|[""Field conditions"",""Potential measurement""]",,"Select|Sample handling|[""Field moist soil"",""Dried sample; ground"", ""Dried sample; non-ground"",""Frozen sample"",""N/A""]",,"Select|Natural sample type|[""Surface water"",""Pore water"",""Groundwater"",""Leachate""]",,,,,,,,"Input|Method reference, if known",
Carbon,Extractable_C,Carbon in soil extract,mg C/kg,,,"Select|Sample handling|[""Field moist soil"",""Dried sample; ground"", ""Dried sample; non-ground"",""Frozen sample"",""N/A""]",,"Select|Filter size|[""None"",""0.45 ?m"",""Other (specify)""]",,"Select|Soil Extractant|[""Cold H2O"",""Hot H2O"",""CaCl2"",""H3A"",""Other (specify)""]",,"Select|Define C fraction|[""Total"",""Organic"",""Inorganic""]",,,,"Input|Method reference, if known",
Carbon,Humic substances,Carbon in soluble/insoluble SOM fractions following acid and alkaline extractions,g C/kg,,,"Select|Sample handling|[""Field moist soil"",""Dried sample; ground"", ""Dried sample; non-ground"",""Frozen sample"",""N/A""]",,"Select|Fraction measured|[""Humic acid"",""Fulvic acid"",""Humin""]",,,,,,,,"Input|Method reference, if known",
Carbon,Large_POM_C,Carbon in organic material > 2 mm,g C/kg,,,"Select|Sample handling|[""Field moist soil"",""Dried sample; ground"", ""Dried sample; non-ground"",""Frozen sample"",""N/A""]",,,,,,,,,,"Input|Method reference, if known",
Carbon,Microbial_Respiration_C,Carbon in CO2 evolution under controlled laboratory conditions,mg C/kg/d,"Select|Sample representation|[""Field conditions"",""Potential measurement""]",,"Select|Sample handling|[""Field moist soil"",""Dried sample; ground"", ""Dried sample; non-ground"",""Frozen sample"",""N/A""]",,"Select|Length of incubation|[""1 d"",""3 d"",""30 d"",""Other (specify)""]",,,,,,,,"Input|Method reference, if known",
Carbon,Mineral_associated_OM_C,Carbon associated with the mineral fraction (<0.53 μm),g C/kg,,,"Select|Sample handling|[""Field moist soil"",""Dried sample; ground"", ""Dried sample; non-ground"",""Frozen sample"",""N/A""]",,"Select|Methods|[""Density separation"",""Other (specify)""]",,,,,,,,"Input|Method reference, if known",
Carbon,POM_C,Carbon in soil fraction between 0.053 and 2 mm,g C/kg,,,"Select|Sample handling|[""Field moist soil"",""Dried sample; ground"", ""Dried sample; non-ground"",""Frozen sample"",""N/A""]",,"Select|Fraction measured|[""Total POM"",""Free light fraction"",""Fine intraggregate POM"",""Coarse intraggregate POM""]",,,,,,,,"Input|Method reference, if known",
Carbon,POX_C,Permanganate oxidizable carbon; Active carbon,g C/kg,,,"Select|Sample handling|[""Field moist soil"",""Dried sample; ground"", ""Dried sample; non-ground"",""Frozen sample"",""N/A""]",,,,,,,,,,"Input|Method reference, if known",
Carbon,Total_inorganic_C,Soil concentration of total inorganic carbon,mg C/kg,,,"Select|Sample handling|[""Field moist soil"",""Dried sample; ground"", ""Dried sample; non-ground"",""Frozen sample"",""N/A""]",,Input|Please specify methods,,,,,,,,"Input|Method reference, if known",
Carbon,Total_organic_C,Soil concentration of total organic carbon,g C/kg,,,"Select|Sample handling|[""Field moist soil"",""Dried sample; ground"", ""Dried sample; non-ground"",""Frozen sample"",""N/A""]",,"Select|Methods|[""Dry compustion"",""Wet combustion"",""Other (specify)""]",,,,,,,,"Input|Method reference, if known",
Carbon,Total_Soil_C,Total of all forms of carbon in the soil (organic and inorganic C),g C/kg,,,"Select|Sample handling|[""Field moist soil"",""Dried sample; ground"", ""Dried sample; non-ground"",""Frozen sample"",""N/A""]",,"Select|Methods|[""Dry compustion"",""Wet combustion"",""Other (specify)""]",,,,,,,,"Input|Method reference, if known",
SOM,Soil_organic_matter,"Soil organic matter concentration, directly measured",g SOM/kg,,,"Select|Sample handling|[""Field moist soil"",""Dried sample; ground"", ""Dried sample; non-ground"",""Frozen sample"",""N/A""]",,"Select|Methods|[""Loss on ignition"",""Other (specify)""]",,,,,,,,"Input|Method reference, if known",
Nitrogen,15N_NA,15N isotope concentration,per mille,,,"Select|Sample handling|[""Field moist soil"",""Dried sample; ground"", ""Dried sample; non-ground"",""Frozen sample"",""N/A""]",,"Select|Choose one|[""Total soil N"",""Extract""]",,"Select|Choose one|[""Natural abundance"",""Enriched with tracer""]",,,,,,"Input|Method reference, if known",
Nitrogen,ACE_protein,Autoclaved citrate extractable soil protein; glomalin,g protein/kg,,,"Select|Sample handling|[""Field moist soil"",""Dried sample; ground"", ""Dried sample; non-ground"",""Frozen sample"",""N/A""]",,"Select|Methods|[""Autoclaved citrate extraction"",""Other (specify)""]",,,,,,,,"Input|Method reference, if known",
Nitrogen,Ammonium_NH4_extractable,Ammonium in soil extract,mg N/kg,,,"Select|Sample handling|[""Field moist soil"",""Dried sample; ground"", ""Dried sample; non-ground"",""Frozen sample"",""N/A""]",,"Select|Extractant|[""Water"",""1M KCl"",""2M KCl"",""0.01M CaCl2"",""H3A"",""Sodium acetate"",""Other (specify)""]",,,,,,,,"Input|Method reference, if known",
Nitrogen,Ammonium_NH4_dissolved,Dissolved ammonium in naturally-occuring soil water,g N/L,,,"Select|Sample handling|[""Field moist soil"",""Dried sample; ground"", ""Dried sample; non-ground"",""Frozen sample"",""N/A""]",,"Select|Filter size|[""None"",""0.45 um"",""Other (specify)""]",,"Select|Sample type|[""Porewater"",""Tile drainage"",""Leachate""]",,,,,,"Input|Method reference, if known",
Nitrogen,Denitrification_rate,Denitrification rate,mg N/kg*hr,"Select|Sample representation|[""Field conditions"",""Potential measurement""]",,"Select|Sample handling|[""Field moist soil"",""Dried sample; ground"", ""Dried sample; non-ground"",""Frozen sample"",""N/A""]",,"Select|Choose one|[""Acetylene inhibition"",""15N enrichment"",""Other (specify)""]",,Input|Period of incubation (hr),,,,,,"Input|Method reference, if known",
Nitrogen,Mineral_Associated_OM_N,Mineral associated organic matter nitrogen,mg N/kg,,,"Select|Sample handling|[""Field moist soil"",""Dried sample; ground"", ""Dried sample; non-ground"",""Frozen sample"",""N/A""]",,"Select|Method|[""Density fractionation"",""Other (specify)""]",,,,,,,,"Input|Method reference, if known",
Nitrogen,Mineralizable N,Accumulation of soil nitrate and ammonium,mg N/kg,"Select|Sample representation|[""Field conditions"",""Potential measurement""]",,"Select|Sample handling|[""Field moist soil"",""Dried sample; ground"", ""Dried sample; non-ground"",""Frozen sample"",""N/A""]",,"Select|Incubation type|[""Aerobic (NO3+NH4)"",""Anaerobic (NH4 accumulation)""]",,Input|Period of incubation (d),,"Select|Extract type|[""H2O"",""0.01M CaCl2"",""H3A"",""1M KCl"",""2M KCl"",""Sodium acetate"",""Other (specify)""]",,,,"Input|Method reference, if known",
Nitrogen,Nitrate_NO3_extractable,Nitrate in soil extract,mg N/kg,,,"Select|Sample handling|[""Field moist soil"",""Dried sample; ground"", ""Dried sample; non-ground"",""Frozen sample"",""N/A""]",,"Select|Extractant|[""Water"",""1M KCl"",""2M KCl"",""0.01M CaCl2"",""H3A"",""Sodium acetate"",""Other (specify)""]",,,,,,,,"Input|Method reference, if known",
Nitrogen,Nitrate_NO3_dissolved,Dissolved nitrate in naturally-occuring soil water,g N/L,,,"Select|Sample handling|[""Field moist soil"",""Dried sample; ground"", ""Dried sample; non-ground"",""Frozen sample"",""N/A""]",,"Select|Filter size|[""None"",""0.45 um"",""Other (specify)""]",,"Select|Sample type|[""Porewater"",""Tile drainage"",""Leachate""]",,,,,,"Input|Method reference, if known",
Nitrogen,Nitrification_rate,Rate of nitrate production,mg N/kg*hr,"Select|Sample representation|[""Field conditions"",""Potential measurement""]",,"Select|Sample handling|[""Field moist soil"",""Dried sample; ground"", ""Dried sample; non-ground"",""Frozen sample"",""N/A""]",,"Select|Method|[""Net nitrification incubation"",""Nitrification inhibitor"",""15N isotope dilution"",""Other (specify)""]",,Input|Period of incubation (hr),,,,,,"Input|Method reference, if known",
Nitrogen,Nitrite_NO2_extractable,Nitrite in soil extract,mg N/kg,,,"Select|Sample handling|[""Field moist soil"",""Dried sample; ground"", ""Dried sample; non-ground"",""Frozen sample"",""N/A""]",,"Select|Extractant|[""Water"",""1M KCl"",""2M KCl"",""0.01M CaCl2"",""H3A"",""Sodium acetate"",""Other (specify)""]",,,,,,,,"Input|Method reference, if known",
Nitrogen,Nitrite_NO2_dissolved,Dissolved nitrite in naturally-occuring soil water,g N/L,,,"Select|Sample handling|[""Field moist soil"",""Dried sample; ground"", ""Dried sample; non-ground"",""Frozen sample"",""N/A""]",,"Select|Filter size|[""None"",""0.45 um"",""Other (specify)""]",,"Select|Sample type|[""Porewater"",""Tile drainage"",""Leachate""]",,,,,,"Input|Method reference, if known",
Nitrogen,POM_N,Particulate organic matter nitrogen,mg N/kg,,,"Select|Sample handling|[""Field moist soil"",""Dried sample; ground"", ""Dried sample; non-ground"",""Frozen sample"",""N/A""]",,"Select|Method|[""Density fractionation"",""Other (specify)""]",,"Select|Fraction measured|[""Total POM"",""Free light fraction"",""Fine intraggregate POM"",""Coarse intraggregate POM""]",,,,,,"Input|Method reference, if known",
Nitrogen,Total_Kjeldahl_N,Organic nitrogen plus ammonium determined by Kjeldalh method,mg N/kg,,,"Select|Sample handling|[""Field moist soil"",""Dried sample; ground"", ""Dried sample; non-ground"",""Frozen sample"",""N/A""]",,"Select|Method|[""Kjeldahl digestion and extraction"",""Other (specify)""]",,,,,,,,"Input|Method reference, if known",
Nitrogen,Total_N_extractable,Total nitrogen in soil extract,g N/kg,,,"Select|Sample handling|[""Field moist soil"",""Dried sample; ground"", ""Dried sample; non-ground"",""Frozen sample"",""N/A""]",,"Select|Extractant|[""Water"",""1M KCl"",""2M KCl"",""0.01M CaCl2"",""H3A"",""Sodium acetate"",""Other (specify)""]",,,,,,,,"Input|Method reference, if known",
Nitrogen,Total_N_dissolved,Dissolved total nitrogen in naturally-occuring soil water,g N/L,"Select|Sample representation|[""Field conditions"",""Potential measurement""]",,"Select|Sample handling|[""Field moist soil"",""Dried sample; ground"", ""Dried sample; non-ground"",""Frozen sample"",""N/A""]",,"Select|Filter size|[""None"",""0.45 um"",""Other (specify)""]",,"Select|Sample type|[""Porewater"",""Tile drainage"",""Leachate""]",,,,,,"Input|Method reference, if known",
Nitrogen,Total_Soil_N,Total soil nitrogen,g N/kg,,,"Select|Sample handling|[""Field moist soil"",""Dried sample; ground"", ""Dried sample; non-ground"",""Frozen sample"",""N/A""]",,"Select|Method|[""Dry combustion"",""Wet combustion"",""Other (specify)""]",,,,,,,,"Input|Method reference, if known",
Phosphorus,Total_P_extractable,Total phosphorus in soil extract,mg P/kg,,,"Select|Sample handling|[""Field moist soil"",""Dried sample; ground"", ""Dried sample; non-ground"",""Frozen sample"",""N/A""]",,"Select|Filter size|[""None"",""0.45 um"",""Other (specify)""]",,"Select|Extract type|[""H2O"",""0.01M CaCl2"",""H3A"",""Olsen"",""Bray-1"",""Bray-2"",""Mehlich-1"",""Mehlich-3"",""Modified Morgan""]",,"Select|Digestion method|[""acid persulfate"",""alkaline persulfate"",""none (ICP analysis)"",""Other (specify)""]",,,,"Input|Method reference, if known",
Phosphorus,Total_P_dissolved,Dissolved total phosphorus in naturally-occuring soil water,mg P/L,,,"Select|Sample handling|[""Field moist soil"",""Dried sample; ground"", ""Dried sample; non-ground"",""Frozen sample"",""N/A""]",,"Select|Filter size|[""None"",""0.45 um"",""Other (specify)""]",,"Select|Sample type|[""Porewater"",""Tile drainage"",""Leachate""]",,"Select|Digestion method|[""acid persulfate"",""alkaline persulfate"",""none (ICP analysis)"",""Other (specify)""]",,,,"Input|Method reference, if known",
Phosphorus,PO4_extractable,Phosphate in soil extract,mg P/kg,,,"Select|Sample handling|[""Field moist soil"",""Dried sample; ground"", ""Dried sample; non-ground"",""Frozen sample"",""N/A""]",,"Select|Filter size|[""None"",""0.45 um"",""Other (specify)""]",,"Select|Extract type|[""H2O"",""0.01M CaCl2"",""H3A"",""Olsen"",""Bray-1"",""Bray-2"",""Mehlich-1"",""Mehlich-3"",""Modified Morgan""]",,,,,,"Input|Method reference, if known",
Phosphorus,PO4_dissolved,Dissolved phosphate in naturally-occuring soil water,mg P/L,"Select|Sample representation|[""Field conditions"",""Potential measurement""]",,"Select|Sample handling|[""Field moist soil"",""Dried sample; ground"", ""Dried sample; non-ground"",""Frozen sample"",""N/A""]",,"Select|Filter size|[""None"",""0.45 um"",""Other (specify)""]",,"Select|Sample type|[""Porewater"",""Tile drainage"",""Leachate""]",,,,,,"Input|Method reference, if known",
Phosphorus,Total_Soil_P,Total soil phosphorus,mg P/kg,,,"Select|Sample handling|[""Field moist soil"",""Dried sample; ground"", ""Dried sample; non-ground"",""Frozen sample"",""N/A""]",,"Select|Digestion method|[""Perchloric acid"",""Sodium carbonate fusion"",""Other (specify)""]",,,,,,,,"Input|Method reference, if known",
Sulfur,S_extractable,Extractable soil sulfur,mg S/kg,,,"Select|Sample handling|[""Field moist soil"",""Dried sample; ground"", ""Dried sample; non-ground"",""Frozen sample"",""N/A""]",,"Select|Extract type|[""H2O"",""0.01M CaCl2"",""H3A"",""Olsen"",""Bray-1"",""Bray-2"",""Mehlich-1"",""Mehlich-3"",""Mono-calcium phosphate""]",,,,,,,,"Input|Method reference, if known",
Sulfur,SO4_extractable,Extractable soil sulfate,mg S/kg,,,"Select|Sample handling|[""Field moist soil"",""Dried sample; ground"", ""Dried sample; non-ground"",""Frozen sample"",""N/A""]",,"Select|Extract type|[""H2O"",""0.01M CaCl2"",""H3A"",""Olsen"",""Bray-1"",""Bray-2"",""Mehlich-1"",""Mehlich-3"",""Mono-calcium phosphate""]",,,,,,,,"Input|Method reference, if known",
Sulfur,Total_Soil_S,Total soil sulfur,mg S/kg,,,"Select|Sample handling|[""Field moist soil"",""Dried sample; ground"", ""Dried sample; non-ground"",""Frozen sample"",""N/A""]",,"Select|Method|[""Dry combustion"",""Alkaline oxidation-acid reduction"",""Other (specify)""]",,,,,,,,"Input|Method reference, if known",
Cations,Al_extractable,Soil concentration of extractable Aluminum,mg Al/kg,,,"Select|Sample handling|[""Field moist soil"",""Dried sample; ground"", ""Dried sample; non-ground"",""Frozen sample"",""N/A""]",,"Select|Choose one|[""Whole soil"",""Size fraction""]",,"Select|Extract type|[""Water"",""Sodium acetate"",""DTPA"",""H3A"",""Aqua regia"",""Other (specify)""]",,,,,,"Input|Method reference, if known",
Trace Metals,B_extractable,Soil concentration of extractable Boron,mg B/kg,,,"Select|Sample handling|[""Field moist soil"",""Dried sample; ground"", ""Dried sample; non-ground"",""Frozen sample"",""N/A""]",,"Select|Extract type|[""Water"",""Sodium acetate"",""DTPA"",""H3A"",""Aqua regia"",""Other (specify)""]",,,,,,,,"Input|Method reference, if known",
Trace Metals,Ba_extractable,Soil concentration of extractable Barium,mg Ba/kg,,,"Select|Sample handling|[""Field moist soil"",""Dried sample; ground"", ""Dried sample; non-ground"",""Frozen sample"",""N/A""]",,"Select|Extract type|[""Water"",""Sodium acetate"",""DTPA"",""H3A"",""Aqua regia"",""Other (specify)""]",,,,,,,,"Input|Method reference, if known",
Trace Metals,Be_extractable,Soil concentration of extractable Beryllium,mg Be/kg,,,"Select|Sample handling|[""Field moist soil"",""Dried sample; ground"", ""Dried sample; non-ground"",""Frozen sample"",""N/A""]",,"Select|Extract type|[""Water"",""Sodium acetate"",""DTPA"",""H3A"",""Aqua regia"",""Other (specify)""]",,,,,,,,"Input|Method reference, if known",
Cations,Ca_extractable,Soil concentration of extractable Calcium,mg Ca/kg,,,"Select|Sample handling|[""Field moist soil"",""Dried sample; ground"", ""Dried sample; non-ground"",""Frozen sample"",""N/A""]",,"Select|Choose one|[""Whole soil"",""Size fraction""]",,"Select|Extract type|[""Water"",""Sodium acetate"",""DTPA"",""H3A"",""Aqua regia"",""Other (specify)""]",,,,,,"Input|Method reference, if known",
Trace Metals,Cd_extractable,Soil concentration of extractable Cadmium,mg Cd/kg,,,"Select|Sample handling|[""Field moist soil"",""Dried sample; ground"", ""Dried sample; non-ground"",""Frozen sample"",""N/A""]",,"Select|Extract type|[""Water"",""Sodium acetate"",""DTPA"",""H3A"",""Aqua regia"",""Other (specify)""]",,,,,,,,"Input|Method reference, if known",
Trace Metals,Co_extractable,Soil concentration of extractable Cobalt,mg Co/kg,,,"Select|Sample handling|[""Field moist soil"",""Dried sample; ground"", ""Dried sample; non-ground"",""Frozen sample"",""N/A""]",,"Select|Extract type|[""Water"",""Sodium acetate"",""DTPA"",""H3A"",""Aqua regia"",""Other (specify)""]",,,,,,,,"Input|Method reference, if known",
Trace Metals,Cr_extractable,Soil concentration of extractable Chromium,mg Cr/kg,,,"Select|Sample handling|[""Field moist soil"",""Dried sample; ground"", ""Dried sample; non-ground"",""Frozen sample"",""N/A""]",,"Select|Extract type|[""Water"",""Sodium acetate"",""DTPA"",""H3A"",""Aqua regia"",""Other (specify)""]",,,,,,,,"Input|Method reference, if known",
Trace Metals,Cu_extractable,Soil concentration of extractable Copper,mg Cu/kg,,,"Select|Sample handling|[""Field moist soil"",""Dried sample; ground"", ""Dried sample; non-ground"",""Frozen sample"",""N/A""]",,"Select|Extract type|[""Water"",""Sodium acetate"",""DTPA"",""H3A"",""Aqua regia"",""Other (specify)""]",,,,,,,,"Input|Method reference, if known",
Cations,Fe_extractable,Soil concentration of extractable Iron,mg Fe/kg,,,"Select|Sample handling|[""Field moist soil"",""Dried sample; ground"", ""Dried sample; non-ground"",""Frozen sample"",""N/A""]",,"Select|Choose one|[""Whole soil"",""Size fraction""]",,"Select|Extract type|[""Water"",""Sodium acetate"",""DTPA"",""H3A"",""Aqua regia"",""Other (specify)""]",,,,,,"Input|Method reference, if known",
Cations,K_extractable,Soil concentration of extractable Potassium,mg K/kg,,,"Select|Sample handling|[""Field moist soil"",""Dried sample; ground"", ""Dried sample; non-ground"",""Frozen sample"",""N/A""]",,"Select|Choose one|[""Whole soil"",""Size fraction""]",,"Select|Extract type|[""Water"",""Sodium acetate"",""DTPA"",""H3A"",""Aqua regia"",""Other (specify)""]",,,,,,"Input|Method reference, if known",
Trace Metals,Li_extractable,Soil concentration of extractable Lithium,mg Li/kg,,,"Select|Sample handling|[""Field moist soil"",""Dried sample; ground"", ""Dried sample; non-ground"",""Frozen sample"",""N/A""]",,"Select|Extract type|[""Water"",""Sodium acetate"",""DTPA"",""H3A"",""Aqua regia"",""Other (specify)""]",,,,,,,,"Input|Method reference, if known",
Cations,Mg_extractable,Soil concentration of extractable Magnesium,mg Mg/kg,,,"Select|Sample handling|[""Field moist soil"",""Dried sample; ground"", ""Dried sample; non-ground"",""Frozen sample"",""N/A""]",,"Select|Choose one|[""Whole soil"",""Size fraction""]",,"Select|Extract type|[""Water"",""Sodium acetate"",""DTPA"",""H3A"",""Aqua regia"",""Other (specify)""]",,,,,,"Input|Method reference, if known",
Cations,Mn_extractable,Soil concentration of extractable Manganese,mg Mn/kg,,,"Select|Sample handling|[""Field moist soil"",""Dried sample; ground"", ""Dried sample; non-ground"",""Frozen sample"",""N/A""]",,"Select|Choose one|[""Whole soil"",""Size fraction""]",,"Select|Extract type|[""Water"",""Sodium acetate"",""DTPA"",""H3A"",""Aqua regia"",""Other (specify)""]",,,,,,"Input|Method reference, if known",
Trace Metals,Mo_extractable,Soil concentration of extractable Molybdenum,mg Mo/kg,,,"Select|Sample handling|[""Field moist soil"",""Dried sample; ground"", ""Dried sample; non-ground"",""Frozen sample"",""N/A""]",,"Select|Extract type|[""Water"",""Sodium acetate"",""DTPA"",""H3A"",""Aqua regia"",""Other (specify)""]",,,,,,,,"Input|Method reference, if known",
Cations,Na_extractable,Soil concentration of extractable Sodium,mg Na/kg,,,"Select|Sample handling|[""Field moist soil"",""Dried sample; ground"", ""Dried sample; non-ground"",""Frozen sample"",""N/A""]",,"Select|Choose one|[""Whole soil"",""Size fraction""]",,"Select|Extract type|[""Water"",""Sodium acetate"",""DTPA"",""H3A"",""Aqua regia"",""Other (specify)""]",,,,,,"Input|Method reference, if known",
Trace Metals,Ni_extractable,Soil concentration of extractable Nickel,mg Ni/kg,,,"Select|Sample handling|[""Field moist soil"",""Dried sample; ground"", ""Dried sample; non-ground"",""Frozen sample"",""N/A""]",,"Select|Extract type|[""Water"",""Sodium acetate"",""DTPA"",""H3A"",""Aqua regia"",""Other (specify)""]",,,,,,,,"Input|Method reference, if known",
Trace Metals,Pb_extractable,Soil concentration of extractable Lead,mg Pb/kg,,,"Select|Sample handling|[""Field moist soil"",""Dried sample; ground"", ""Dried sample; non-ground"",""Frozen sample"",""N/A""]",,"Select|Extract type|[""Water"",""Sodium acetate"",""DTPA"",""H3A"",""Aqua regia"",""Other (specify)""]",,,,,,,,"Input|Method reference, if known",
Trace Metals,Rb_extractable,Soil concentration of extractable Rubidium,mg Rb/kg,,,"Select|Sample handling|[""Field moist soil"",""Dried sample; ground"", ""Dried sample; non-ground"",""Frozen sample"",""N/A""]",,"Select|Extract type|[""Water"",""Sodium acetate"",""DTPA"",""H3A"",""Aqua regia"",""Other (specify)""]",,,,,,,,"Input|Method reference, if known",
Trace Metals,Se_extractable,Soil concentration of extractable Selenium,mg Se/kg,,,"Select|Sample handling|[""Field moist soil"",""Dried sample; ground"", ""Dried sample; non-ground"",""Frozen sample"",""N/A""]",,"Select|Extract type|[""Water"",""Sodium acetate"",""DTPA"",""H3A"",""Aqua regia"",""Other (specify)""]",,,,,,,,"Input|Method reference, if known",
Trace Metals,Si_extractable,Soil concentration of extractable Silicon,mg Si/kg,,,"Select|Sample handling|[""Field moist soil"",""Dried sample; ground"", ""Dried sample; non-ground"",""Frozen sample"",""N/A""]",,"Select|Extract type|[""Water"",""Sodium acetate"",""DTPA"",""H3A"",""Aqua regia"",""Other (specify)""]",,,,,,,,"Input|Method reference, if known",
Trace Metals,Sr_extractable,Soil concentration of extractable Strontium,mg Sr/kg,,,"Select|Sample handling|[""Field moist soil"",""Dried sample; ground"", ""Dried sample; non-ground"",""Frozen sample"",""N/A""]",,"Select|Extract type|[""Water"",""Sodium acetate"",""DTPA"",""H3A"",""Aqua regia"",""Other (specify)""]",,,,,,,,"Input|Method reference, if known",
Trace Metals,Te_extractable,Soil concentration of extractable Tellurium,mg Te/kg,,,"Select|Sample handling|[""Field moist soil"",""Dried sample; ground"", ""Dried sample; non-ground"",""Frozen sample"",""N/A""]",,"Select|Extract type|[""Water"",""Sodium acetate"",""DTPA"",""H3A"",""Aqua regia"",""Other (specify)""]",,,,,,,,"Input|Method reference, if known",
Trace Metals,V_extractable,Soil concentration of extractable Vanadium,mg V/kg,,,"Select|Sample handling|[""Field moist soil"",""Dried sample; ground"", ""Dried sample; non-ground"",""Frozen sample"",""N/A""]",,"Select|Extract type|[""Water"",""Sodium acetate"",""DTPA"",""H3A"",""Aqua regia"",""Other (specify)""]",,,,,,,,"Input|Method reference, if known",
Trace Metals,Zn_extractable,Soil concentration of extractable Zinc,mg Zn/kg,,,"Select|Sample handling|[""Field moist soil"",""Dried sample; ground"", ""Dried sample; non-ground"",""Frozen sample"",""N/A""]",,"Select|Extract type|[""Water"",""Sodium acetate"",""DTPA"",""H3A"",""Aqua regia"",""Other (specify)""]",,,,,,,,"Input|Method reference, if known",
Trace Metals,Ti_extractable,Soil concentration of extractable Titanium,mg Ti/kg,,,"Select|Sample handling|[""Field moist soil"",""Dried sample; ground"", ""Dried sample; non-ground"",""Frozen sample"",""N/A""]",,"Select|Extract type|[""Water"",""Sodium acetate"",""DTPA"",""H3A"",""Aqua regia"",""Other (specify)""]",,,,,,,,"Input|Method reference, if known",
Trace Metals,As_extractable,Soil concentration of extractable Arsenic,mg As/kg,,,"Select|Sample handling|[""Field moist soil"",""Dried sample; ground"", ""Dried sample; non-ground"",""Frozen sample"",""N/A""]",,"Select|Extract type|[""Water"",""Sodium acetate"",""DTPA"",""H3A"",""Aqua regia"",""Other (specify)""]",,,,,,,,"Input|Method reference, if known",
Cations,CEC,Cation Exchange capacity,cmol/kg,,,"Select|Sample handling|[""Field moist soil"",""Dried sample; ground"", ""Dried sample; non-ground"",""Frozen sample"",""N/A""]",,"Select|Choose one|[""Whole soil"",""Size fraction""]",,"Select|Measurement method|[""direct"",""sum of cations"",""saturated paste method"",""Other (specify)""]",,Input|Specify extractant info for proxy methods or exchange cation for direct method,,,,"Input|Method reference, if known",
pH,Buffering_Capacity,Ability of the soil to resist change in pH (reserve or exchangable acidity),meq H+ (kg soil)-1 (pH)-1 OR mg CaCO3 (kg soil)-1 (pH)-1,,,"Select|Sample handling|[""Field moist soil"",""Dried sample; ground"", ""Dried sample; non-ground"",""Frozen sample"",""N/A""]",,"Select|Choose one|[""Whole soil"",""Size fraction""]",,"Select|Report method|[""Incubation"",""titration"",""Other (specify)""]",,,,,,"Input|Method reference, if known",
pH,pH,Negative logarithm of the hydrogen ion concentration,no reported units,,,"Select|Sample handling|[""Field moist soil"",""Dried sample; ground"", ""Dried sample; non-ground"",""Frozen sample"",""N/A""]",,"Select|Choose one|[""Whole soil"",""Size fraction""]",,"Select|Method|[""electrode"",""litmus"",""Other (specify)""]",,Input|Extraction ratio,,"Input|Specify extract type (eg. water, calcium chloride, ammonium acetate buffer, other).",,"Input|Method reference, if known",
pH,pH_buffer,pH after addition of buffer solution,no reported units,,,"Select|Sample handling|[""Field moist soil"",""Dried sample; ground"", ""Dried sample; non-ground"",""Frozen sample"",""N/A""]",,"Select|Choose one|[""Whole soil"",""Size fraction""]",,"Select|Buffer type|[""Shoemaker-McLean-Pratt (SMP) Single Buffer"",""Adams-Evan Mehlich Single Buffer"",""Sikora""]",,,,,,"Input|Method reference, if known",
Redox,O2_dissolved,Dissolved oxygen in aqueous soil solution,mg O2/L,"Select|Sample representation|[""Field conditions"",""Potential measurement""]",,"Select|Sample handling|[""Field moist soil"",""Dried sample; ground"", ""Dried sample; non-ground"",""Frozen sample"",""N/A""]",,"Select|Sample type|[""Porewater"",""Tile drainage"",""Leachate""]",,"Select|Method|[""O2 sensor"",""Other (specify)""]",,,,,,"Input|Method reference, if known",
Soil Gas Phase,O2_gaseous,Oxygen concentration in soil gas phase,mg O2/L,,,,,,,,,,,,,"Input|Method reference, if known",
Redox,Eh,Soil redox potential,mV,,,"Select|Sample handling|[""Field moist soil"",""Dried sample; ground"", ""Dried sample; non-ground"",""Frozen sample"",""N/A""]",,"Select|Method|[""Platinum electrode"",""Other (specify)""]",,,,,,,,"Input|Method reference, if known",
Salinity,Electrical_Conductivity,Soil electrical conductivity,decisiemens/m,,,"Select|Sample handling|[""Field moist soil"",""Dried sample; ground"", ""Dried sample; non-ground"",""Frozen sample"",""N/A""]",,"Select|Choose one|[""Soil extract"",""Natural water sample""]",,"Select|IF extract specify extraction ratio|[""saturated paste"",""1:2"",""1:5"",""1:10"",""Other (specify)""]",,"Select|IF extract THEN specify extract type|[""Water"",""calcium chloride"",""ammonium acetate buffer"",""Other (specify)""]",,,,"Input|Method reference, if known",
Spectra,Spectra_solid,Spectroscopic data from solid soil sample,,,,"Select|Sample handling|[""Field moist soil"",""Dried sample; ground"", ""Dried sample; non-ground"",""Frozen sample"",""N/A""]",,"Select|Type of spectra|[""vis-NIR"",""mid-IR"",""Other (specify)""]",,,,,,,,"Input|Method reference, if known",
Spectra,Spectra_aqueous,Spectroscopic data from aqueous sample,,,,"Select|Choose one|[""Soil extract"",""Natural pore water sample""]",,"Select|Type of spectra|[""Fluorescence EEM"",""Other (specify)""]",,,,,,,,"Input|Method reference, if known",
Temperature,Soil_Temp,Soil temperature at a given soil depth,°C,,,"Select|Sample handling|[""Field moist soil"",""Dried sample; ground"", ""Dried sample; non-ground"",""Frozen sample"",""N/A""]",,,,,,,,,,"Input|Method reference, if known",
Hydraulic properties,Field_Capacity_WC,Water content in soil 2-3 d after wetting when free drainage is negligible (soil water potential is at -33 kPa),% vol (cm3 H2O/cm3 soil*100),,,"Select|Sample handling|[""Field moist soil"",""Dried sample; ground"", ""Dried sample; non-ground"",""Frozen sample"",""N/A""]",,"Select|Measurement type|[""Field"",""Laboratory""]",,"Select|Methods|[""Field:neutron probe"",""Field:tensiometer"",""Field:capacitance"",""Field:time domain reflectometry"",""Lab:gravimetric"",""Lab:pressure plate"",""Other (specify)""]",,,,,,"Input|Method reference, if known",
Hydraulic properties,Hydraulic_Conductivity,Soils ability to transmit water when subjected to a hydraulic gradient,cm/sec,,,"Select|Sample handling|[""Field moist soil"",""Dried sample; ground"", ""Dried sample; non-ground"",""Frozen sample"",""N/A""]",,"Select|Hydraulic conductivity|[""Saturated"",""Unsaturated""]",,"Select|Measurement type|[""field, above water table"",""field, below water table"",""lab""]",,"Select|Method|[""Field, above water table = tension infiltrometer, ring infiltrometer, constant head well permeameter"",""Field, below water table = single auger hole, piezometer, two/four well"",""Laboratory = constant head, falling head"",""Other (specify)""]",,,,"Input|Method reference, if known",
Hydraulic properties,Infitration_Rate,Rate of water infiltration,cm/hr,,,"Select|Sample handling|[""Field moist soil"",""Dried sample; ground"", ""Dried sample; non-ground"",""Frozen sample"",""N/A""]",,"Select|Methods|[""Rainfall simulation"",""ponded"",""Other (specify)""]",,,,,,,,"Input|Method reference, if known",
Hydraulic properties,Soil_Moisture_grav,Gravimetric soil moisture content,% (g water/g dry soil*100),,,"Select|Sample handling|[""Field moist soil"",""Dried sample; ground"", ""Dried sample; non-ground"",""Frozen sample"",""N/A""]",,,,,,,,,,"Input|Method reference, if known",
Hydraulic properties,Soil_Moisture_vol,Volumetric soil moisture content,% vol (cm3 H2O/cm3 soil*100),,,"Select|Sample handling|[""Field moist soil"",""Dried sample; ground"", ""Dried sample; non-ground"",""Frozen sample"",""N/A""]",,,,,,,,,,"Input|Method reference, if known",
Hydraulic properties,Soil_Water_Characteristic_Curve,"Relationship between soil water content and matric potential; also called water retention curve or isotherm, or water release curve; was it measured?",N/A,,,"Select|Sample handling|[""Field moist soil"",""Dried sample; ground"", ""Dried sample; non-ground"",""Frozen sample"",""N/A""]",,,,"Select|Suction method|[""direct"",""indirect""]",,"Select|Method|[""Indirect:filter paper"",""Indirect:vapor equilibrium"",""Indirect:dewpoint potentiameter"",""Direct:pressure plate"",""Direct:tensiometer"",""Direct:osmotic membrane/solution"",""Direct:centrifuge"",""Other (specify)""]",,,,"Input|Method reference, if known",
Hydraulic properties,Wilting_Potential_WC,Water content at Wilting Point (water is unavailable to plants; water potential at -1500 kPa),% vol (cm3 H2O/cm3 soil*100),,,"Select|Sample handling|[""Field moist soil"",""Dried sample; ground"", ""Dried sample; non-ground"",""Frozen sample"",""N/A""]",,"Select|Measurement type|[""Field"",""Laboratory""]",,,,Input|Soil depth (e.g. 0-30 cm) or horizon (e.g. O) measured,,,,"Input|Method reference, if known",
Texture,Clay,Percent of soil particles in clay fraction < 0.002 mm,% of <2 mm sieved soil,,,"Select|Sample handling|[""Field moist soil"",""Dried sample; ground"", ""Dried sample; non-ground"",""Frozen sample"",""N/A""]",,"Input|Specify all sample pretreatments (Na-hexametaphosphate dispersal solution, H2O2 to remove organic matter, others)",,"Select|Method|[""pipette"",""hydrometer"",""laser diffraction"",""Other (specify)""]",,,,,,"Input|Method reference, if known",
Texture,Sand,Percent of soil particles in sand fraction > 0.05 mm,% of <2 mm sieved soil,,,"Select|Sample handling|[""Field moist soil"",""Dried sample; ground"", ""Dried sample; non-ground"",""Frozen sample"",""N/A""]",,"Input|Specify all sample pretreatments (Na-hexametaphosphate dispersal solution, H2O2 to remove organic matter, others)",,"Select|Method|[""pipette"",""hydrometer"",""laser diffraction"",""Other (specify)""]",,,,,,"Input|Method reference, if known",
Texture,Silt,Percent of soil particles in silt fraction < 0.05 and > 0.002 mm,% of <2 mm sieved soil,,,"Select|Sample handling|[""Field moist soil"",""Dried sample; ground"", ""Dried sample; non-ground"",""Frozen sample"",""N/A""]",,"Input|Specify all sample pretreatments (Na-hexametaphosphate dispersal solution, H2O2 to remove organic matter, others)",,"Select|Method|[""pipette"",""hydrometer"",""laser diffraction"",""Other (specify)""]",,,,,,"Input|Method reference, if known",
Texture,Particle_Size_Distribution,Measurement of full range of particle sizes using laser diffraction,,,,"Select|Sample handling|[""Field moist soil"",""Dried sample; ground"", ""Dried sample; non-ground"",""Frozen sample"",""N/A""]",,"Input|Specify all sample pretreatments (Na-hexametaphosphate dispersal solution, H2O2 to remove organic matter, others)",,,,,,,,"Input|Method reference, if known",
Texture,Coarse fragment,Gravel fraction > 2 mm,% of whole soil,,,"Select|Sample handling|[""Field moist soil"",""Dried sample; ground"", ""Dried sample; non-ground"",""Frozen sample"",""N/A""]",,,,,,,,,,"Input|Method reference, if known",
Texture,Consistency,Assessment of soil consistence,,,,"Select|Sample handling|[""Field moist soil"",""Dried sample; ground"", ""Dried sample; non-ground"",""Frozen sample"",""N/A""]",,"Select|Measurement type|[""Stickiness"",""Plasticity"",""Atterberg limits""]",,,,,,,,"Input|Method reference, if known",
Mineralogy,Clay_Mineralogy,"Identification of clay-sized minerals, was it measured",-,,,"Select|Sample handling|[""Field moist soil"",""Dried sample; ground"", ""Dried sample; non-ground"",""Frozen sample"",""N/A""]",,"Select|Method|[""X-ray diffraction"",""differential thermal analyses"",""Other (specify)""]",,,,,,,,"Input|Method reference, if known",
Mineralogy,Specific_surface_area,Surface area of soil particles,m2/g,,,"Select|Sample handling|[""Field moist soil"",""Dried sample; ground"", ""Dried sample; non-ground"",""Frozen sample"",""N/A""]",,"Select|Methods|[""Adsorption of ethylene glycol monoethyl ether"",""Soil moisture release curve"",""Other (specify)""]",,,,,,,,"Input|Method reference, if known",
Aggregation,Dry_Aggregation,Abundance of dry soil aggregate by size class (dry sieve),g/kg,,,"Select|Sample handling|[""Field moist soil"",""Dried sample; ground"", ""Dried sample; non-ground"",""Frozen sample"",""N/A""]",,"Select|Method|[""Rotary sieve"",""Sieve shaker"",""Other (specify)""]",,"Select|Size classes|["">2000 um"",""1000-2000 um"",""500-1000 um"",""250-500 um"",""53-250 um"", ""Other (specify)""]",,,,,,"Input|Method reference, if known",
Aggregation,Water_Stable_Aggregation,Abundance of water-stable soil aggregates by size class (wet sieve),g/kg,,,"Select|Sample handling|[""Field moist soil"",""Dried sample; ground"", ""Dried sample; non-ground"",""Frozen sample"",""N/A""]",,"Select|Method|[""Yoder apparatus"",""Cornell rainfall simulator"",""Slake App test"",""Other (specify)""]",,"Select|Size classes|["">2000 um"",""1000-2000 um"",""500-1000 um"",""250-500 um"",""53-250 um"", ""Other (specify)""]",,,,,,"Input|Method reference, if known",
Porosity,Porosity,Assessment of soil pores,-,,,"Select|Sample handling|[""Field moist soil"",""Dried sample; ground"", ""Dried sample; non-ground"",""Frozen sample"",""N/A""]",,"Select|Property assessed|[""total porosity"",""pore size distribution"",""pore length"",""pore connectivity"",""Other (specify)""]",,,,,,,,"Input|Method reference, if known",
Bulk Density,Bulk_Density,Oven-dried soil mass per volume,g/cm3,,,"Select|Sample handling|[""Field moist soil"",""Dried sample; ground"", ""Dried sample; non-ground"",""Frozen sample"",""N/A""]",,"Select|Method|[""Core"",""Clod"",""Compliant cavity"",""Other (specify)""]",,"Select|Corrected for gravel content?|[""Yes"",""No""]",,,,,,"Input|Method reference, if known",
Penetration resistance,Penetration_Resistance,Resistance to penetration of instrument into soil,kPa,,,"Select|Method|[""Cone penetrometer"",""Other (specify)""]",,,,,,,,,,"Input|Method reference, if known",
Enzyme activity,Acid_Phosphatase,Acid phosphatase enzyme activity,mg ρ-nitrophenol released kg-1 soil h-1,"Select|Sample representation|[""Field conditions"",""Potential measurement""]",,"Select|Sample handling|[""Field moist soil"",""Dried sample; ground"", ""Dried sample; non-ground"",""Frozen sample"",""N/A""]",,,,,,,,,,"Input|Method reference, if known",
Enzyme activity,Alkaline_Phosphatase,Alkaline phosphatase enzyme activity,mg ρ-nitrophenol released kg-1 soil h-1,"Select|Sample representation|[""Field conditions"",""Potential measurement""]",,"Select|Sample handling|[""Field moist soil"",""Dried sample; ground"", ""Dried sample; non-ground"",""Frozen sample"",""N/A""]",,,,,,,,,,"Input|Method reference, if known",
Enzyme activity,Arylsulfatase,Arylsulfatase enzyme activity,mg ρ-nitrophenol released kg-1 soil h-1,"Select|Sample representation|[""Field conditions"",""Potential measurement""]",,"Select|Sample handling|[""Field moist soil"",""Dried sample; ground"", ""Dried sample; non-ground"",""Frozen sample"",""N/A""]",,,,,,,,,,"Input|Method reference, if known",
Enzyme activity,Beta_Glucosaminidase_NAG,Beta Glucosaminidase nag enzyme activity,mg ρ-nitrophenol released kg-1 soil h-1,"Select|Sample representation|[""Field conditions"",""Potential measurement""]",,"Select|Sample handling|[""Field moist soil"",""Dried sample; ground"", ""Dried sample; non-ground"",""Frozen sample"",""N/A""]",,,,,,,,,,"Input|Method reference, if known",
Enzyme activity,Beta_Glucosidase,Beta glucosidase enzyme activity,mg ρ-nitrophenol released kg-1 soil h-1,"Select|Sample representation|[""Field conditions"",""Potential measurement""]",,"Select|Sample handling|[""Field moist soil"",""Dried sample; ground"", ""Dried sample; non-ground"",""Frozen sample"",""N/A""]",,,,,,,,,,"Input|Method reference, if known",
Enzyme activity,Alpha_Glucosidase,Alpha glucosidase enzyme activity,mg ρ-nitrophenol released kg-1 soil h-1,"Select|Sample representation|[""Field conditions"",""Potential measurement""]",,"Select|Sample handling|[""Field moist soil"",""Dried sample; ground"", ""Dried sample; non-ground"",""Frozen sample"",""N/A""]",,,,,,,,,,"Input|Method reference, if known",
Enzyme activity,Combined_Enzyme_Assay,Combined assay of multiple enzymes activity,mg ρ-nitrophenol released kg-1 soil h-1,"Select|Sample representation|[""Field conditions"",""Potential measurement""]",,"Select|Sample handling|[""Field moist soil"",""Dried sample; ground"", ""Dried sample; non-ground"",""Frozen sample"",""N/A""]",,,,,,,,,,"Input|Method reference, if known",
Enzyme activity,Fluorescein_Diacetate_Hydrolysis,Fluorescein Diacetate hydrolysis enzyme activity,mg fluorescein kg-1 h-1,"Select|Sample representation|[""Field conditions"",""Potential measurement""]",,"Select|Sample handling|[""Field moist soil"",""Dried sample; ground"", ""Dried sample; non-ground"",""Frozen sample"",""N/A""]",,,,,,,,,,"Input|Method reference, if known",
Enzyme activity,L-asparaginase,L-asparaginase enzyme activity,mg NH4–N released kg−1 soil h−1,"Select|Sample representation|[""Field conditions"",""Potential measurement""]",,"Select|Sample handling|[""Field moist soil"",""Dried sample; ground"", ""Dried sample; non-ground"",""Frozen sample"",""N/A""]",,,,,,,,,,"Input|Method reference, if known",
Enzyme activity,L-glutaminase,L-glutaminase enzyme activity,mg NH4–N released kg−1 soil h−1,"Select|Sample representation|[""Field conditions"",""Potential measurement""]",,"Select|Sample handling|[""Field moist soil"",""Dried sample; ground"", ""Dried sample; non-ground"",""Frozen sample"",""N/A""]",,,,,,,,,,"Input|Method reference, if known",
Enzyme activity,Phenol_Oxidase,Phenol oxidase enzyme activity,umol product (dopachrome) g-1 dry soil h-1,"Select|Sample representation|[""Field conditions"",""Potential measurement""]",,"Select|Sample handling|[""Field moist soil"",""Dried sample; ground"", ""Dried sample; non-ground"",""Frozen sample"",""N/A""]",,,,,,,,,,"Input|Method reference, if known",
Enzyme activity,Phosphodiesterase,Phosphodiesterase enzyme activity,mg ρ-nitrophenol released kg-1 soil h-1,"Select|Sample representation|[""Field conditions"",""Potential measurement""]",,"Select|Sample handling|[""Field moist soil"",""Dried sample; ground"", ""Dried sample; non-ground"",""Frozen sample"",""N/A""]",,,,,,,,,,"Input|Method reference, if known",
Enzyme activity,Urease,Urease enzyme activity,mg NH4–N released kg−1 soil h−1,"Select|Sample representation|[""Field conditions"",""Potential measurement""]",,"Select|Sample handling|[""Field moist soil"",""Dried sample; ground"", ""Dried sample; non-ground"",""Frozen sample"",""N/A""]",,,,,,,,,,"Input|Method reference, if known",
Microbes,AMF_abundance,Arbuscular mycorrhizal fungi root colonization,% root colonized,,,"Select|Sample handling|[""Field moist soil"",""Dried sample; ground"", ""Dried sample; non-ground"",""Frozen sample"",""N/A""]",,"Select|Method|[""Root sample staining"",""Other (specify)""]",,,,,,,,"Input|Method reference, if known",
Microbes,DNA,"DNA sequences, were they measured",-,,,"Select|Sample handling|[""Field moist soil"",""Dried sample; ground"", ""Dried sample; non-ground"",""Frozen sample"",""N/A""]",,,,"Select|Sequences measured|[""16s"",""18s"",""whole genome shotgun"",""Other (specify)""]",,,,,,"Input|Method reference, if known",
Microbes,Fungal_abundance,Abundance of fungi,copies/g,,,"Select|Sample handling|[""Field moist soil"",""Dried sample; ground"", ""Dried sample; non-ground"",""Frozen sample"",""N/A""]",,"Select|Method|[""18S rDNA qPCR"",""Other (specify)""]",,,,,,,,"Input|Method reference, if known",
Microbes,Microbial_biomass_C,Microbial biomass carbon,mg C/kg,,,"Select|Sample handling|[""Field moist soil"",""Dried sample; ground"", ""Dried sample; non-ground"",""Frozen sample"",""N/A""]",,"Select|Method|[""Chloroform fumigation"",""Other (specify)""]",,,,,,,,"Input|Method reference, if known",
Microbes,Microbial_biomass_N,Microbial biomass nitrogen,mg N/kg,,,"Select|Sample handling|[""Field moist soil"",""Dried sample; ground"", ""Dried sample; non-ground"",""Frozen sample"",""N/A""]",,"Select|Method|[""Chloroform fumigation"",""Other (specify)""]",,,,,,,,"Input|Method reference, if known",
Microbes,Microbial_genes,Abundance of specific microbial genes,number of reads/g,,,"Select|Sample handling|[""Field moist soil"",""Dried sample; ground"", ""Dried sample; non-ground"",""Frozen sample"",""N/A""]",,"Select|Gene|[""nifH"",""Other (specify)""]",,"Select|Method|[""qPCR"",""Other (specify)""]",,,,,,"Input|Method reference, if known",
Microbe,Lipid_biomarkers,"Lipid biomakers including phospholipid fatty acids and fatty acid methyl esters, were they measured",,,,"Select|Sample handling|[""Field moist soil"",""Dried sample; ground"", ""Dried sample; non-ground"",""Frozen sample"",""N/A""]",,"Select|Type of lipid measured|[""PLFA"",""FAME"",""Other (specify)""]",,,,,,,,"Input|Method reference, if known",
Meso & macrofauna,Arthropod_abundance,Soil arthropods (aggregate or by category),number/m2,,,"Select|Sample handling|[""Field moist soil"",""Dried sample; ground"", ""Dried sample; non-ground"",""Frozen sample"",""N/A""]",,"Select|Method|[""Tullgren funnel"",""Other (specify)""]",,"Select|Taxon|[""collembola"",""acari"",""oribatida"",""isopod"",""Other (specify)""]",,,,,,"Input|Method reference, if known",
Meso & macrofauna,Earthworm_abundance,number of earthworms per square meter,number/m2,,,"Select|Sample handling|[""Field moist soil"",""Dried sample; ground"", ""Dried sample; non-ground"",""Frozen sample"",""N/A""]",,"Select|Method|[""Midden or burrow count"",""hand sorting"",""chemical irritant"",""electroshock"",""Other (specify)""]",,"Select|Species|[""Lumbricus terrestris"",""Lumbricus rubellus"",""Apporectodea caliginosa"",""unknown"",""Other (specify)""]",,,,,,"Input|Method reference, if known",
Meso & macrofauna,Nematode_abundance,number of nematodes per cubic meter,number/m3,,,"Select|Sample handling|[""Field moist soil"",""Dried sample; ground"", ""Dried sample; non-ground"",""Frozen sample"",""N/A""]",,"Select|Method|[""Decanting"",""Elutriator"",""Centrifugal flotation"",""Other (specify)""]",,"Select|Functional group|[""total"",""bacterivorous"",""fungivorous"",""omnivorous"",""predaceous"",""specific species (specify)""]",,,,,,"Input|Method reference, if known",
Bioassay,Bioassay,Organism used to indicate soil biological function,-,"Select|Sample representation|[""Field conditions"",""Potential measurement""]",,"Select|Sample handling|[""Field moist soil"",""Dried sample; ground"", ""Dried sample; non-ground"",""Frozen sample"",""N/A""]",,"Select|Organism|[""Common bean"",""Other (specify)""]",,,,,,,,"Input|Method reference, if known",
Description,Soil_color,Soil color based on Munsell notation,,,,"Select|Sample moisture|[""Dry sample"",""Wet sample""]",,,,,,,,,,"Input|Method reference, if known",
Description,Soil_structure,Qualitative description of soil structure,,,,"Select|Sample moisture|[""Dry sample"",""Wet sample""]",,"Select|Method|[""Visual Evaluation of Soil Structure"",""NRCS standard description"",""Other (specify)""]",,,,,,,,"Input|Method reference, if known",
